Date,Symbol,Open,High,Low,Last,Close
01-01-2020,COALINDIA,211.35,212.6,208.4,211.95,211.95
02-01-2020,COALINDIA,212.5,212.8,208.3,210.95,211.1
03-01-2020,COALINDIA,210,212.6,207.7,210.65,211.85
06-01-2020,COALINDIA,209.95,209.95,203.45,205.15,205.7
07-01-2020,COALINDIA,206.5,208.2,204.35,205.75,205.7
08-01-2020,COALINDIA,203,204.55,198.2,200.5,200.2
09-01-2020,COALINDIA,203.25,203.7,197.35,197.95,198
10-01-2020,COALINDIA,199.15,206.55,198.95,204.5,205.3
13-01-2020,COALINDIA,205.3,212,205,211.6,211.55
14-01-2020,COALINDIA,211.15,213.5,209.75,213,212.95
15-01-2020,COALINDIA,212.6,214.6,211.3,212.4,212.45
16-01-2020,COALINDIA,212.45,212.7,207.1,210.2,210.25
17-01-2020,COALINDIA,210,210.55,206.1,208.1,207.9
20-01-2020,COALINDIA,208,209.8,200.5,202.2,201.15
21-01-2020,COALINDIA,201.15,205.25,201.15,202.35,202.15
22-01-2020,COALINDIA,199.1,199.4,190.95,191.55,191.9
23-01-2020,COALINDIA,192.05,195.2,189.85,191.4,190.75
24-01-2020,COALINDIA,193,196.3,192.15,194.4,193.95
27-01-2020,COALINDIA,193.95,195,192,193,193.35
28-01-2020,COALINDIA,193.9,194.25,188.4,189.5,189.15
29-01-2020,COALINDIA,191,193,188,191.1,191.05
30-01-2020,COALINDIA,191.4,192.35,187.5,188.2,187.95
31-01-2020,COALINDIA,188.8,189.45,180,183.55,181.7
01-02-2020,COALINDIA,182,182,171.05,174.3,173.5
03-02-2020,COALINDIA,174.9,179.45,172.15,178.9,178.65
04-02-2020,COALINDIA,180.75,183,179.75,182.7,182.5
05-02-2020,COALINDIA,184,184,178.5,179.8,179.25
06-02-2020,COALINDIA,180.2,181.6,178.25,179.7,179.95
07-02-2020,COALINDIA,180.3,186.05,178.1,184.95,185.05
10-02-2020,COALINDIA,184.9,185,177.65,178.85,178.85
11-02-2020,COALINDIA,180,181.5,176.25,179.4,179.35
12-02-2020,COALINDIA,181,183.4,178.2,180.3,180.3
13-02-2020,COALINDIA,180.3,180.95,175.85,178,177.8
14-02-2020,COALINDIA,178,178.9,174.2,174.5,174.75
17-02-2020,COALINDIA,174.75,175.2,166.8,168.1,167.85
18-02-2020,COALINDIA,168.1,173.95,165,172.75,171.85
19-02-2020,COALINDIA,176.35,178.55,174.25,177.8,177.75
20-02-2020,COALINDIA,177.75,180.25,175.2,179.1,179.35
24-02-2020,COALINDIA,178.75,178.9,173.3,174.15,174.85
25-02-2020,COALINDIA,176.1,178.7,174.2,175.6,175.1
26-02-2020,COALINDIA,174.2,177.75,172.65,173.7,173.8
27-02-2020,COALINDIA,173.75,174.55,169.6,173.9,174.1
28-02-2020,COALINDIA,171.55,171.8,166.75,167.75,168.4
02-03-2020,COALINDIA,172.65,175,168.3,169.4,169.35
03-03-2020,COALINDIA,171.35,179.65,170.9,177.5,178.2
04-03-2020,COALINDIA,178.25,179.8,174.1,177.95,178.1
05-03-2020,COALINDIA,180,180.2,172.2,176.65,177.15
06-03-2020,COALINDIA,166.7,173,166.5,169,168.75
09-03-2020,COALINDIA,165.8,166.7,156.95,157.65,157.95
11-03-2020,COALINDIA,158.1,169.9,157.05,166.7,168
12-03-2020,COALINDIA,161,163,150.1,156.75,154.55
13-03-2020,COALINDIA,146.25,161.55,123.65,155.35,154.1
16-03-2020,COALINDIA,150.95,151.35,143.1,144.55,143.9
17-03-2020,COALINDIA,145.2,155.4,142.3,147.25,145.9
18-03-2020,COALINDIA,151.6,151.85,143,144.5,145.05
19-03-2020,COALINDIA,128,133.5,122,122.55,123.55
20-03-2020,COALINDIA,124.5,135.8,122.65,132.4,132.8
23-03-2020,COALINDIA,122.5,134.85,120.05,127.55,127.85
24-03-2020,COALINDIA,129.25,135,125.45,129,127.85
25-03-2020,COALINDIA,126,129.25,123.7,124.25,124.5
26-03-2020,COALINDIA,126,127,119.2,123.9,123.25
27-03-2020,COALINDIA,125.9,132.95,125,131.15,131.7
30-03-2020,COALINDIA,127.55,134.75,127.2,133.15,133.15
31-03-2020,COALINDIA,135.1,142.35,134.25,139.8,140.05
01-04-2020,COALINDIA,138.75,141.25,137.05,139.7,139.45
03-04-2020,COALINDIA,138.6,139.9,131.8,137.75,137.75
07-04-2020,COALINDIA,140.3,142.4,137.15,139.65,140.15
08-04-2020,COALINDIA,140,143.4,137,137.55,137.35
09-04-2020,COALINDIA,139.2,141.45,138,140.7,140.8
13-04-2020,COALINDIA,140.8,146.7,138.35,145.8,145.9
15-04-2020,COALINDIA,147.4,151.6,146,146.5,146.85
16-04-2020,COALINDIA,144.6,150.5,144.4,147.35,147.4
17-04-2020,COALINDIA,151.5,152.45,148.3,148.75,148.75
20-04-2020,COALINDIA,149.9,149.9,143,144.2,144.2
21-04-2020,COALINDIA,141,141.6,137.8,140.3,139
22-04-2020,COALINDIA,138.2,141.3,135,141,140.7
23-04-2020,COALINDIA,140.8,144.75,140.1,140.9,140.9
24-04-2020,COALINDIA,140.6,143.8,135.8,137.25,137
27-04-2020,COALINDIA,139,139.7,137.5,138.2,138.1
28-04-2020,COALINDIA,138.6,139.55,134.45,135.35,135.4
29-04-2020,COALINDIA,135.5,140.85,135.35,140,139.85
30-04-2020,COALINDIA,141.5,149.45,141.35,148.8,148.5
04-05-2020,COALINDIA,144.7,144.7,140.35,142.15,142.3
05-05-2020,COALINDIA,143.9,147.25,137.35,138.5,138
06-05-2020,COALINDIA,139.35,139.35,133.15,134,133.75
07-05-2020,COALINDIA,130,133,130,131,130.8
08-05-2020,COALINDIA,132.85,133.2,128.55,129,129
11-05-2020,COALINDIA,130.15,131.05,128.05,128.25,128.45
12-05-2020,COALINDIA,128.2,129.05,125.3,127,126.85
13-05-2020,COALINDIA,132.5,132.5,128.5,131,130.6
14-05-2020,COALINDIA,129.85,131.45,128.05,128.95,128.65
15-05-2020,COALINDIA,129.7,130.85,127.75,129.4,129.6
18-05-2020,COALINDIA,127,127,121.05,121.8,121.7
19-05-2020,COALINDIA,123.1,124.15,121.8,123.65,123.6
20-05-2020,COALINDIA,123,125.15,121.85,123.4,123.25
21-05-2020,COALINDIA,123.9,126.25,122.8,124.8,124.5
22-05-2020,COALINDIA,124,126.05,121.9,125.5,125.2
26-05-2020,COALINDIA,125.85,128,125,127.3,127.25
27-05-2020,COALINDIA,127.25,131.35,126,130.5,130.8
28-05-2020,COALINDIA,130.85,134.3,129.3,133.6,133.9
29-05-2020,COALINDIA,133.5,142.45,132.25,140.65,141.3
01-06-2020,COALINDIA,142.1,149.75,141.55,147.65,148.55
02-06-2020,COALINDIA,149.15,149.15,143,143.65,143.4
03-06-2020,COALINDIA,145,145.1,141.1,141.3,141.7
04-06-2020,COALINDIA,141,142.6,139.35,140.6,140.25
05-06-2020,COALINDIA,141,145.75,140.5,145.4,144.85
08-06-2020,COALINDIA,148,148.95,144.75,146.85,146.7
09-06-2020,COALINDIA,147.95,147.95,143.65,144.2,144.3
10-06-2020,COALINDIA,144,144.75,140.2,140.85,140.7
11-06-2020,COALINDIA,140.85,142.9,137.5,137.9,137.7
12-06-2020,COALINDIA,133.1,135.55,132.7,134.7,134.65
15-06-2020,COALINDIA,134.7,135,130.5,132.35,132.1
16-06-2020,COALINDIA,134.5,135,129.55,131.35,131.15
17-06-2020,COALINDIA,131.15,133.9,129.1,129.45,129.45
18-06-2020,COALINDIA,129,139.7,128.15,137.65,137.6
19-06-2020,COALINDIA,140,140,135.2,137,137.25
22-06-2020,COALINDIA,137.25,143.95,137.1,143.7,143.65
23-06-2020,COALINDIA,144.95,146.75,143.2,144.1,143.85
24-06-2020,COALINDIA,145.7,146.45,140.75,141.85,141.55
25-06-2020,COALINDIA,140.35,143.65,138.35,139.2,140.4
26-06-2020,COALINDIA,140.9,143,139.6,142.1,142.1
29-06-2020,COALINDIA,140.55,140.85,134.15,135.05,134.85
30-06-2020,COALINDIA,136.35,137.15,132.35,133.15,132.85
01-07-2020,COALINDIA,132.85,134.65,131.4,134.05,133.85
02-07-2020,COALINDIA,134.05,135,132.8,133.75,133.6
03-07-2020,COALINDIA,134.4,135.9,133.05,135,135.25
06-07-2020,COALINDIA,136.3,137.5,135.25,135.85,135.85
07-07-2020,COALINDIA,136.5,136.7,132.6,133,132.85
08-07-2020,COALINDIA,132.95,134.45,131.6,132.85,132.85
09-07-2020,COALINDIA,133.5,135.3,129.1,130.8,130.4
10-07-2020,COALINDIA,129.5,132.25,128.2,131.25,131.2
13-07-2020,COALINDIA,131.8,132.45,130.3,130.65,130.5
14-07-2020,COALINDIA,130.4,130.4,128,128.25,128.25
15-07-2020,COALINDIA,128.85,129.45,127.55,128.2,128
16-07-2020,COALINDIA,127.75,128,124.6,126.05,126.15
17-07-2020,COALINDIA,126.6,132.05,126.6,130.95,130.6
20-07-2020,COALINDIA,133.5,134.6,131.7,133.1,133
21-07-2020,COALINDIA,133.5,134.5,132,133.15,133.1
22-07-2020,COALINDIA,133.7,136.7,132.75,134.25,134.1
23-07-2020,COALINDIA,134.9,135.55,133.2,133.5,133.45
24-07-2020,COALINDIA,132.9,132.9,130,131.5,131.6
27-07-2020,COALINDIA,131.6,131.8,129.35,130,129.95
28-07-2020,COALINDIA,130.1,130.75,128.55,130.35,130.45
29-07-2020,COALINDIA,130,132.5,129.7,131.25,131.2
30-07-2020,COALINDIA,131.3,131.7,128.3,128.75,128.6
31-07-2020,COALINDIA,128.95,130,127.55,129.55,129.25
03-08-2020,COALINDIA,129.9,129.9,128.1,128.7,128.4
04-08-2020,COALINDIA,129.6,131.7,128.5,128.8,128.75
05-08-2020,COALINDIA,129.15,130.1,128.2,128.7,128.45
06-08-2020,COALINDIA,129,131.2,128.3,128.9,128.85
07-08-2020,COALINDIA,129.5,130.35,128.55,129.7,129.75
10-08-2020,COALINDIA,130.3,131.15,129,129.5,129.25
11-08-2020,COALINDIA,130.15,131,129.7,130.35,130.1
12-08-2020,COALINDIA,130,130.2,128.5,128.75,128.7
13-08-2020,COALINDIA,128.75,130.15,128.3,129,128.95
14-08-2020,COALINDIA,129.35,134.25,129.1,131.95,131.85
17-08-2020,COALINDIA,133.5,137,132.35,135.95,136
18-08-2020,COALINDIA,136.65,138.55,135.65,136.85,136.65
19-08-2020,COALINDIA,137.5,138,134.45,135.35,135.1
20-08-2020,COALINDIA,134.1,139,133.35,138.3,138.5
21-08-2020,COALINDIA,139.5,141.8,139,139.85,139.5
24-08-2020,COALINDIA,140.7,141.4,138.75,139.8,139.8
25-08-2020,COALINDIA,140.85,141,139.2,140.4,140.45
26-08-2020,COALINDIA,140.55,143.95,139.95,142.1,141.95
27-08-2020,COALINDIA,142.7,143.25,140,140.55,140.55
28-08-2020,COALINDIA,141.1,142.4,138.65,139.1,139.05
31-08-2020,COALINDIA,139.25,142.15,133.9,134.25,134.35
01-09-2020,COALINDIA,135.1,135.4,130.7,133.6,133.45
02-09-2020,COALINDIA,135.5,137.5,134.75,136.15,136.3
03-09-2020,COALINDIA,137.5,138.05,133.85,135.55,135.7
04-09-2020,COALINDIA,134.1,136.45,131.35,132.95,132.45
07-09-2020,COALINDIA,133,133.8,130.75,132.1,131.95
08-09-2020,COALINDIA,132.1,132.65,129.35,129.65,129.95
09-09-2020,COALINDIA,128.95,129,124.75,127.75,126.95
10-09-2020,COALINDIA,128,128.3,125.5,126.45,126.65
11-09-2020,COALINDIA,126.9,127,124.65,125.15,125.1
14-09-2020,COALINDIA,126,126.85,124.1,124.85,124.95
15-09-2020,COALINDIA,125.65,125.75,123.8,124.15,124.1
16-09-2020,COALINDIA,124.6,124.6,123.1,124.1,123.85
17-09-2020,COALINDIA,123.85,125.9,123.55,124.5,124.3
18-09-2020,COALINDIA,125.25,125.25,122.9,123.35,123.65
21-09-2020,COALINDIA,123.65,124.15,121.1,121.2,121.65
22-09-2020,COALINDIA,122,122,118.85,120.05,119.55
23-09-2020,COALINDIA,119.75,122.5,118.95,122.4,121.05
24-09-2020,COALINDIA,121.05,121.1,115.2,116.3,115.7
25-09-2020,COALINDIA,116,117.6,113.9,117.4,117.1
28-09-2020,COALINDIA,117.9,121.3,117.9,120,120
29-09-2020,COALINDIA,121.15,121.55,117.15,117.35,117.65
30-09-2020,COALINDIA,117,117.1,114.65,115.95,116
01-10-2020,COALINDIA,117.1,119.7,116.35,117,117.25
05-10-2020,COALINDIA,117.95,119.5,117.55,118.4,118.4
06-10-2020,COALINDIA,119.35,119.35,116.3,117,116.8
07-10-2020,COALINDIA,117.1,117.2,114.25,114.45,114.45
08-10-2020,COALINDIA,114.7,115,112.65,113.45,113.3
09-10-2020,COALINDIA,113.35,115.9,112.3,115.2,114.9
12-10-2020,COALINDIA,115.3,115.5,112.8,113.25,113.2
13-10-2020,COALINDIA,113.3,114.65,112.35,114.15,113.85
14-10-2020,COALINDIA,113.2,113.95,109.6,110.65,110.55
15-10-2020,COALINDIA,110.85,112.7,109.55,110.6,110.6
16-10-2020,COALINDIA,111.3,112.75,109.6,112.5,111.35
19-10-2020,COALINDIA,112.5,115.35,111.25,115.35,114.7
20-10-2020,COALINDIA,115.1,116.15,113.1,113.65,113.65
21-10-2020,COALINDIA,113.65,116.9,113.55,115.4,115.1
22-10-2020,COALINDIA,115,116.7,114.1,116.35,115.8
23-10-2020,COALINDIA,116.8,118.2,116.2,117.7,117.7
26-10-2020,COALINDIA,117.9,117.9,114.2,114.35,114.55
27-10-2020,COALINDIA,114.2,115.15,112.85,113.65,113.95
28-10-2020,COALINDIA,113.95,114,112.4,112.4,112.7
29-10-2020,COALINDIA,112,112.45,110.55,111,110.85
30-10-2020,COALINDIA,111.6,115.2,111.05,114.65,114.2
02-11-2020,COALINDIA,114.6,116.3,113.55,115.6,115.7
03-11-2020,COALINDIA,115.6,117.25,115.6,116.55,116.5
04-11-2020,COALINDIA,116.5,116.5,113.7,115,114.8
05-11-2020,COALINDIA,116.35,120.6,115.25,120.3,119.85
06-11-2020,COALINDIA,120.25,122.4,118.3,121.35,121.8
09-11-2020,COALINDIA,122.9,122.9,120.65,121.85,121.75
10-11-2020,COALINDIA,122.25,125.4,121,124.9,124.8
11-11-2020,COALINDIA,126,126.2,123.55,126.05,125.85
12-11-2020,COALINDIA,126.05,126.5,121,122.5,122.1
13-11-2020,COALINDIA,122.5,126.35,121.2,125.85,125.9
14-11-2020,COALINDIA,127.35,127.5,126.55,127.1,127.1
17-11-2020,COALINDIA,128.3,129.3,127.2,128.7,128.7
18-11-2020,COALINDIA,128.75,128.85,125.85,128.4,128.25
19-11-2020,COALINDIA,121.75,124.3,120.85,122.15,122.05
20-11-2020,COALINDIA,123.3,123.5,120.15,121.25,121.45
23-11-2020,COALINDIA,121.25,123.45,119.75,122.75,122.75
24-11-2020,COALINDIA,123.75,124.6,122.8,123.15,123.25
25-11-2020,COALINDIA,123.95,126.75,123.25,123.85,123.95
26-11-2020,COALINDIA,124.6,125.35,123.35,125.2,125.05
27-11-2020,COALINDIA,125.45,127.4,125,125.2,125.55
01-12-2020,COALINDIA,126,127,124.7,126.3,126.4
02-12-2020,COALINDIA,127,131.15,126.4,130.8,129.75
03-12-2020,COALINDIA,131.35,134,129.25,133.5,133.45
04-12-2020,COALINDIA,134.2,134.95,131.1,133.2,133.3
07-12-2020,COALINDIA,133.3,137.2,133,136.7,136.8
08-12-2020,COALINDIA,137.45,137.7,133,134.3,134.25
09-12-2020,COALINDIA,135.4,137.5,134.4,135,134.7
10-12-2020,COALINDIA,135.2,135.45,132.8,134.8,134.85
11-12-2020,COALINDIA,134.7,140.7,134.5,138.3,138.25
14-12-2020,COALINDIA,139.65,144.2,139.1,143.75,143.35
15-12-2020,COALINDIA,143.65,144.35,140.8,142.9,143.1
16-12-2020,COALINDIA,144.35,146,143.5,145.3,145.5
17-12-2020,COALINDIA,145.25,145.25,142.5,142.9,143.45
18-12-2020,COALINDIA,143.45,143.65,139.45,141.85,141.7
21-12-2020,COALINDIA,141.4,141.5,129.35,131.95,132.95
22-12-2020,COALINDIA,132.5,136.1,129.8,135.45,135.5
23-12-2020,COALINDIA,135.5,136.7,134.1,135.45,135.05
24-12-2020,COALINDIA,136.35,139.1,135.6,136.3,136.25
28-12-2020,COALINDIA,139.9,139.9,137.2,137.6,137.65
29-12-2020,COALINDIA,138.9,139.6,134.6,135.35,135.1
30-12-2020,COALINDIA,136.75,136.75,134.2,135.65,135.6
31-12-2020,COALINDIA,135.6,136.7,134.75,135.35,135.45
01-01-2020,BPCL,492,493.9,488.5,491.2,491.65
02-01-2020,BPCL,491.2,491.7,486.45,486.85,487.55
03-01-2020,BPCL,483.9,486.75,472.85,482.5,483.5
06-01-2020,BPCL,475,480,465.15,467.9,469.15
07-01-2020,BPCL,467.9,474.75,459.85,462.05,461
08-01-2020,BPCL,450,464.4,448.55,461.85,459.9
09-01-2020,BPCL,472.15,474.4,465.45,469.45,470.55
10-01-2020,BPCL,473.8,474.7,466.4,468.95,470.25
13-01-2020,BPCL,471,476.25,469,470.6,470.75
14-01-2020,BPCL,473.9,478.75,472.1,473.2,473.35
15-01-2020,BPCL,472.5,472.95,463.2,468,467.95
16-01-2020,BPCL,468,469.5,460.15,461.1,461.8
17-01-2020,BPCL,462,465.25,452,453.8,453.9
20-01-2020,BPCL,454.95,466.7,451.6,457.45,457.15
21-01-2020,BPCL,457.6,466.5,455.05,463.5,463.85
22-01-2020,BPCL,465.2,466.45,454.1,456.9,455.45
23-01-2020,BPCL,459.5,471.8,457,467.95,469
24-01-2020,BPCL,469.25,473.2,464.7,466,466.1
27-01-2020,BPCL,466.5,471.8,463,465,467.75
28-01-2020,BPCL,469.1,482.25,467.6,479.4,480.95
29-01-2020,BPCL,483.95,486.9,476.65,478.65,479.05
30-01-2020,BPCL,480.05,484.5,465.15,468.3,469.65
31-01-2020,BPCL,470,472.6,456.05,456.5,456.95
01-02-2020,BPCL,456.5,464.4,437.3,440.15,443.5
03-02-2020,BPCL,446.25,463.5,442.45,462,460.3
04-02-2020,BPCL,465,481.1,462,480.3,478.5
05-02-2020,BPCL,480,507.95,478,501.55,501.7
06-02-2020,BPCL,503.3,510,492.2,494.8,495.05
07-02-2020,BPCL,494.8,495.6,486,490,491.4
10-02-2020,BPCL,492,495.55,483.35,484.2,485.45
11-02-2020,BPCL,490.8,493.95,480.05,481.2,481
12-02-2020,BPCL,483,485.7,473.9,475.5,474.75
13-02-2020,BPCL,477.7,478.5,468,469,469
14-02-2020,BPCL,471,484.5,469.9,477.05,476.45
17-02-2020,BPCL,478.45,478.45,460,461.75,461.65
18-02-2020,BPCL,461.75,472.5,456,472.3,470.75
19-02-2020,BPCL,473.5,481,469.5,475.15,475.55
20-02-2020,BPCL,474.85,480,470.55,471,471.75
24-02-2020,BPCL,471,475.7,463,465,464.65
25-02-2020,BPCL,469.8,470.55,454.9,457.6,456.75
26-02-2020,BPCL,457.6,459.55,443.2,447.25,448.8
27-02-2020,BPCL,446.85,449.65,438.5,445.1,444.05
28-02-2020,BPCL,438.9,438.9,420.5,422.7,426.35
02-03-2020,BPCL,432,441.85,406.5,410.95,412.35
03-03-2020,BPCL,415.1,427.15,413.5,424.4,425
04-03-2020,BPCL,422.1,428.7,405.4,413.8,418.7
05-03-2020,BPCL,418.65,429.15,417.05,419,418.4
06-03-2020,BPCL,400.2,409.85,398,400.8,403.1
09-03-2020,BPCL,413.9,454.4,405.8,425.05,423.85
11-03-2020,BPCL,423.35,423.35,401.05,402,404.4
12-03-2020,BPCL,391.3,392.55,330.55,375,344.3
13-03-2020,BPCL,337.8,396.7,275.45,377.5,376.05
16-03-2020,BPCL,350,387.25,349.7,364.45,364.65
17-03-2020,BPCL,365,385.65,354,356,357.2
18-03-2020,BPCL,363.95,366.05,328.2,332.4,332.55
19-03-2020,BPCL,311,320,285.4,297.3,300.25
20-03-2020,BPCL,305,323,298.6,322,317.85
23-03-2020,BPCL,285,298,262.3,273,269.35
24-03-2020,BPCL,277.7,283,252,268,262.85
25-03-2020,BPCL,252.6,276.95,252.6,272.85,273.75
26-03-2020,BPCL,275,286.4,268.5,281.95,282.3
27-03-2020,BPCL,290,304,274.2,278.95,278.75
30-03-2020,BPCL,269,289.5,269,276.7,274.75
31-03-2020,BPCL,284,329.7,280,312,316.9
01-04-2020,BPCL,312,315.9,293.5,302.95,302.95
03-04-2020,BPCL,301,326,287.15,317,317.15
07-04-2020,BPCL,327,359.3,319.5,350,351.1
08-04-2020,BPCL,350,364.2,340.25,345,342.3
09-04-2020,BPCL,345.15,356.65,339.25,347,344.9
13-04-2020,BPCL,345,354.55,336.2,347.55,350.1
15-04-2020,BPCL,354.5,370.35,351.1,354.5,353.85
16-04-2020,BPCL,354.5,365,349.55,355.75,355.4
17-04-2020,BPCL,366,366,354.2,361,360.1
20-04-2020,BPCL,362.15,372.9,361.2,367.9,368.4
21-04-2020,BPCL,366.75,369.45,353.1,357.2,355.25
22-04-2020,BPCL,357.2,360,337.15,356.5,356.7
23-04-2020,BPCL,356.85,362.9,352.5,358.2,355.15
24-04-2020,BPCL,352,356.65,347,350.55,350.45
27-04-2020,BPCL,353.2,365.6,352.3,355.4,355.4
28-04-2020,BPCL,359.8,374.85,354.2,355,359.1
29-04-2020,BPCL,360,365,355.05,359.95,360.75
30-04-2020,BPCL,364.25,373.4,358,371.85,370
04-05-2020,BPCL,362,362,341.55,347.7,347.9
05-05-2020,BPCL,354,364.2,345.25,347,347.05
06-05-2020,BPCL,321.25,346.45,312.35,342.5,343.8
07-05-2020,BPCL,342,342,328.2,329.2,329.55
08-05-2020,BPCL,333,336.3,321.2,324,324.75
11-05-2020,BPCL,326,330.35,311.3,314.5,314.8
12-05-2020,BPCL,310.5,319.8,308.6,312.35,312.5
13-05-2020,BPCL,324,324.4,312.75,316,316.55
14-05-2020,BPCL,313.45,316.35,307.25,309.05,309.7
15-05-2020,BPCL,313,324.35,311.1,317.8,318.2
18-05-2020,BPCL,320.55,321.5,291.85,295.05,294.05
19-05-2020,BPCL,301.5,304.4,291.8,294.15,293.3
20-05-2020,BPCL,294,311.4,292.05,310,308.9
21-05-2020,BPCL,310,316,301.6,312.35,313.2
22-05-2020,BPCL,311,324,307.25,313.5,315.2
26-05-2020,BPCL,315,320.9,312.05,313,313.15
27-05-2020,BPCL,316.8,331.4,312.75,329,329.45
28-05-2020,BPCL,333.9,334.35,320.3,329,326.45
29-05-2020,BPCL,328,347.15,326,340.35,342.8
01-06-2020,BPCL,344.3,356.7,340.1,345.95,346.3
02-06-2020,BPCL,348,348,337.3,341.5,341.6
03-06-2020,BPCL,344,353.95,339.2,347.9,349.05
04-06-2020,BPCL,342,359.4,339,356.4,357.25
05-06-2020,BPCL,356.65,372.5,352.2,371,369.6
08-06-2020,BPCL,379.6,398.5,376.6,395.6,394.1
09-06-2020,BPCL,400,402.05,379.45,380.5,381.5
10-06-2020,BPCL,384.35,384.35,372.95,379.5,378.95
11-06-2020,BPCL,378,386.5,368,371.2,370.05
12-06-2020,BPCL,355.25,376.9,355.25,373.4,373.9
15-06-2020,BPCL,373.9,373.95,356.5,361.2,361
16-06-2020,BPCL,369.8,372.15,356.65,359.65,359.75
17-06-2020,BPCL,359.75,366.5,356.75,364.65,364.6
18-06-2020,BPCL,364.1,376.45,359.75,371,370.25
19-06-2020,BPCL,372,384.5,371,381.55,380.55
22-06-2020,BPCL,383,389.4,379.65,384.9,385.15
23-06-2020,BPCL,386,392.9,382.25,391.85,392
24-06-2020,BPCL,392,394.4,375,379,378.55
25-06-2020,BPCL,378,384.3,367.3,372,370.25
26-06-2020,BPCL,376.4,396.95,373,394.3,393.65
29-06-2020,BPCL,392.9,395.6,378.35,383,383.35
30-06-2020,BPCL,386.9,389.25,372.2,373.75,374
01-07-2020,BPCL,377,383.4,374.1,380.2,380.15
02-07-2020,BPCL,382.95,391.35,378.75,384.4,383.5
03-07-2020,BPCL,387,390.55,383.3,384.45,385.4
06-07-2020,BPCL,388,396.75,385.4,390,390.2
07-07-2020,BPCL,390.25,391.25,377.8,379.6,379.85
08-07-2020,BPCL,382.4,387.45,376.15,377.5,378.15
09-07-2020,BPCL,381.5,381.8,373.1,378,376.75
10-07-2020,BPCL,377.85,380.5,370.35,375.75,376.35
13-07-2020,BPCL,378,384.2,375.45,379.6,379.95
14-07-2020,BPCL,379.5,385.9,372.1,373.6,373.75
15-07-2020,BPCL,377.85,382.35,368.2,369,369.6
16-07-2020,BPCL,372.75,396.25,360.3,395.1,393.9
17-07-2020,BPCL,404.5,447.4,392,442.85,443.8
20-07-2020,BPCL,441,448,435.1,436.35,437.3
21-07-2020,BPCL,437,481,435.4,461.05,464.2
22-07-2020,BPCL,464.8,464.95,447.7,449.9,450.6
23-07-2020,BPCL,446,477.4,443.05,455,457.55
24-07-2020,BPCL,452,463.5,445.3,447.9,448.4
27-07-2020,BPCL,454,466.6,444,457.4,457.7
28-07-2020,BPCL,461.1,473.7,457,463,461.5
29-07-2020,BPCL,464,467.65,446.8,454.75,453.8
30-07-2020,BPCL,435.75,439.9,416.15,417.8,419.1
31-07-2020,BPCL,421.1,428,410.9,414,413.8
03-08-2020,BPCL,414,428.25,408.15,416.95,417.8
04-08-2020,BPCL,418.05,423,391,407.45,408.55
05-08-2020,BPCL,409.9,414.95,405.1,411.1,410.45
06-08-2020,BPCL,412,423.5,406.25,409.9,409.55
07-08-2020,BPCL,412.5,421.4,411.05,419.5,419.75
10-08-2020,BPCL,421,424.4,413.5,414.85,415.15
11-08-2020,BPCL,417,433,415.6,430,429.25
12-08-2020,BPCL,430,434.1,420.45,423,421.8
13-08-2020,BPCL,420,426.2,416.5,421.9,421.15
14-08-2020,BPCL,426,426,408.65,412.8,413.25
17-08-2020,BPCL,418.8,418.8,403.1,407.95,407.9
18-08-2020,BPCL,410,411.35,401,402.8,402.3
19-08-2020,BPCL,404.9,410.95,397.65,404.5,403.7
20-08-2020,BPCL,403.7,419.85,400.1,411.8,412.45
21-08-2020,BPCL,419,419,408.25,410.9,410.1
24-08-2020,BPCL,413.4,416.3,408.6,409.65,409.75
25-08-2020,BPCL,410,419.5,408.35,413.6,412.9
26-08-2020,BPCL,414,415.8,409,410.25,410.1
27-08-2020,BPCL,411.6,418.45,409.5,413.4,412.95
28-08-2020,BPCL,414.5,422,413.5,415.5,415.05
31-08-2020,BPCL,417.5,426.4,403.2,405.75,407.8
01-09-2020,BPCL,407.95,411.75,400.5,408.75,407.25
02-09-2020,BPCL,408.75,415.5,406.4,415,413.95
03-09-2020,BPCL,416,418.6,410.3,413.15,413.4
04-09-2020,BPCL,409,411,400.6,404,403.35
07-09-2020,BPCL,411,411,396.2,400.85,400.2
08-09-2020,BPCL,400.5,419.95,399.5,410.8,412.1
09-09-2020,BPCL,406,409.5,399,405,405.95
10-09-2020,BPCL,408.5,433.5,405.5,430.4,430.3
11-09-2020,BPCL,431,436,422.35,423.7,428.75
14-09-2020,BPCL,425.9,429.5,414.15,415.45,417.15
15-09-2020,BPCL,417.5,425.5,412.45,413.8,414.4
16-09-2020,BPCL,415,420.5,411.4,414.4,413.05
17-09-2020,BPCL,413,419,411.55,415.5,415.6
18-09-2020,BPCL,420,422.9,409.6,413,412.05
21-09-2020,BPCL,413.5,415.7,399.05,399.4,401.45
22-09-2020,BPCL,403.05,403.8,382.2,392.9,392.15
23-09-2020,BPCL,396.9,397.2,381.25,389.3,387.65
24-09-2020,BPCL,378.2,386.15,375.35,377.55,377.25
25-09-2020,BPCL,379,381.5,365.3,374,375.75
28-09-2020,BPCL,377,390.55,375.7,384.45,385.15
29-09-2020,BPCL,394,394,378.15,392,386.55
30-09-2020,BPCL,387.5,394.5,348.8,351.75,353.05
01-10-2020,BPCL,358,361.55,347.5,352.4,353.3
05-10-2020,BPCL,353.3,358.45,351,353.8,354.15
06-10-2020,BPCL,356.7,360.4,350.2,351.4,352.05
07-10-2020,BPCL,353,353.7,341,342.25,342.25
08-10-2020,BPCL,344.9,345,337.6,340,340.05
09-10-2020,BPCL,340.5,350.2,339.6,345.45,345
12-10-2020,BPCL,347,349.8,340.45,340.8,341.6
13-10-2020,BPCL,342.4,343.7,338,338.1,339.1
14-10-2020,BPCL,337.75,338.9,328.5,332.1,332.9
15-10-2020,BPCL,334,338.7,325,326,326.65
16-10-2020,BPCL,328.9,343.4,327.5,341,339.95
19-10-2020,BPCL,344,347.8,341.05,346.9,346.65
20-10-2020,BPCL,345.95,349.75,341.65,343.7,343.35
21-10-2020,BPCL,360.5,363.05,345.1,350.5,349.55
22-10-2020,BPCL,348.7,350.8,344,349.75,349.35
23-10-2020,BPCL,349.9,355.35,349.5,350.95,351.55
26-10-2020,BPCL,351.55,353.7,342.55,346.05,346.1
27-10-2020,BPCL,346,349.9,342.05,347.9,348.65
28-10-2020,BPCL,348.25,349.6,342.45,345.5,345.45
29-10-2020,BPCL,344,347.5,338.2,343,341.8
30-10-2020,BPCL,344.85,359.45,343.5,353.8,354.45
02-11-2020,BPCL,353.8,354.65,344.75,347.4,346.4
03-11-2020,BPCL,348.5,356.5,348.5,350.8,350.85
04-11-2020,BPCL,350.5,352.95,344.2,350.1,348.85
05-11-2020,BPCL,354.7,368.75,350.7,367.3,366.3
06-11-2020,BPCL,368,370.05,361.3,362.4,362.45
09-11-2020,BPCL,368.25,380,365.5,374.85,375.55
10-11-2020,BPCL,376,384.95,372.15,382.7,382.8
11-11-2020,BPCL,382.8,398.4,381.6,394,394
12-11-2020,BPCL,395,395.9,387.1,394,394.65
13-11-2020,BPCL,391.8,400.4,383.2,392.8,394
14-11-2020,BPCL,397.55,414.95,395.25,414.45,412.85
17-11-2020,BPCL,415,415,392.1,395.3,394.65
18-11-2020,BPCL,394.45,394.45,377.35,383.1,383.05
19-11-2020,BPCL,383.05,395.5,382.05,383.3,383.7
20-11-2020,BPCL,387.7,389.9,378.55,383,383.3
23-11-2020,BPCL,386,395.55,383,393.2,394.45
24-11-2020,BPCL,398,399.5,388.35,389.85,389.75
25-11-2020,BPCL,391,393.4,381.2,383.8,382.05
26-11-2020,BPCL,383.7,384.8,375.05,379.5,378
27-11-2020,BPCL,380.4,383.9,371,372.55,373
01-12-2020,BPCL,374.9,381.45,371,379.5,379.3
02-12-2020,BPCL,381.3,390,377.85,384.45,384.5
03-12-2020,BPCL,387,397.8,382.65,393.35,393.9
04-12-2020,BPCL,396.3,398.8,388.8,391.9,392.3
07-12-2020,BPCL,392.15,405,391.45,394.9,395
08-12-2020,BPCL,399,399,389.05,390,390.45
09-12-2020,BPCL,392.15,398.8,391,395,395.15
10-12-2020,BPCL,395.1,401.5,387.1,399,399.3
11-12-2020,BPCL,401,407.4,392,396.2,397.4
14-12-2020,BPCL,401.5,406,398.6,405.35,405.45
15-12-2020,BPCL,408.3,409.25,397.1,398.3,398.6
16-12-2020,BPCL,402.8,405.95,398.3,399,399.6
17-12-2020,BPCL,402.5,402.55,394.3,394.9,395.4
18-12-2020,BPCL,398,399,389.25,393.5,393.85
21-12-2020,BPCL,393,393,357.65,365.45,367.35
22-12-2020,BPCL,367.35,374.6,357,374.1,372.5
23-12-2020,BPCL,373,377.2,369.4,374.8,374.4
24-12-2020,BPCL,376.4,381.25,375.55,377.3,377.55
28-12-2020,BPCL,380,384.5,378.5,382.8,382.75
29-12-2020,BPCL,384.5,385.6,377.65,381.85,381.5
30-12-2020,BPCL,382,384.2,378.8,382,382.85
31-12-2020,BPCL,382,384.55,379.55,381.6,381.1
01-01-2020,GAIL,121.4,121.8,119.75,120.95,121.2
02-01-2020,GAIL,121.5,123.95,120.65,123.4,123.55
03-01-2020,GAIL,123.7,128.8,123.7,125.5,125.65
06-01-2020,GAIL,125,126.25,122.85,124.35,124.35
07-01-2020,GAIL,124.9,126.05,123.85,124.2,124.45
08-01-2020,GAIL,123.1,124.5,122.75,124.2,123.9
09-01-2020,GAIL,124.4,125.4,123.2,123.45,123.7
10-01-2020,GAIL,125.1,127.75,124.25,125.4,125.35
13-01-2020,GAIL,125.9,129.4,124.9,129,128.9
14-01-2020,GAIL,129.5,132.8,128.45,130.1,130.05
15-01-2020,GAIL,130.35,132.05,128.75,131.9,131.65
16-01-2020,GAIL,132.95,133.35,128.35,129,128.75
17-01-2020,GAIL,126.9,127.4,122.75,126,126.35
20-01-2020,GAIL,126,129.05,124.55,128,127.8
21-01-2020,GAIL,128.35,129.55,126.3,127.2,126.75
22-01-2020,GAIL,127.2,127.9,125.5,126.05,125.9
23-01-2020,GAIL,125.7,130.7,125.2,129.45,129.65
24-01-2020,GAIL,129.85,131.7,129.15,129.5,129.5
27-01-2020,GAIL,129,129.5,126.1,126.65,126.75
28-01-2020,GAIL,127,127.45,125.2,126,126.15
29-01-2020,GAIL,127.7,128.85,125.6,126.2,126.25
30-01-2020,GAIL,126.25,126.75,123,123.45,123.35
31-01-2020,GAIL,124.05,124.4,119.4,120.4,120.45
01-02-2020,GAIL,121.5,123.95,115.6,116.9,117.7
03-02-2020,GAIL,115.1,119.5,114,114.65,114.5
04-02-2020,GAIL,115.2,119.25,115.2,118.85,118.9
05-02-2020,GAIL,119.3,121.5,118,121.05,120.95
06-02-2020,GAIL,121.45,124.4,121.4,124,123.7
07-02-2020,GAIL,124,124.6,122.15,124.1,123
10-02-2020,GAIL,124.1,124.35,119.25,121.9,121.8
11-02-2020,GAIL,123.45,129.85,123.2,129,129.15
12-02-2020,GAIL,129.7,131,127.5,130.3,130.35
13-02-2020,GAIL,130,132.5,129.4,130,130.3
14-02-2020,GAIL,130,131.5,121.95,123.15,122.55
17-02-2020,GAIL,122,122,117.15,118,118
18-02-2020,GAIL,118,119.75,116.75,119.75,119.45
19-02-2020,GAIL,120,120.9,118.75,119.8,119.85
20-02-2020,GAIL,118.9,121,118.5,119.4,119.3
24-02-2020,GAIL,118.5,119.3,116.3,117,116.8
25-02-2020,GAIL,118.4,118.6,113.45,114.5,114
26-02-2020,GAIL,114,114.1,107.6,108.15,108.05
27-02-2020,GAIL,108,108.45,105.15,106.55,107.35
28-02-2020,GAIL,102,108.5,102,103.65,104.4
02-03-2020,GAIL,106,107.35,98.7,99.8,99.65
03-03-2020,GAIL,100.9,103.8,99.5,103.3,103.2
04-03-2020,GAIL,103.95,106.9,102.4,105.7,106.05
05-03-2020,GAIL,109.85,111.25,105.9,106.95,106.8
06-03-2020,GAIL,104,108.7,102.05,107.7,107.8
09-03-2020,GAIL,103.6,104.85,99.5,99.65,100.45
11-03-2020,GAIL,96.65,97.55,90,90.2,90.5
12-03-2020,GAIL,85,88.8,79.1,79.55,79.95
13-03-2020,GAIL,75,91.65,65,84.5,84.55
16-03-2020,GAIL,82,82.6,77.5,78.8,78.15
17-03-2020,GAIL,78.5,81,72.95,73.45,74.65
18-03-2020,GAIL,74.65,76.2,69.25,70.85,70.85
19-03-2020,GAIL,68.45,72.25,65.6,69.6,69.4
20-03-2020,GAIL,71,82.4,70.3,80.8,80.8
23-03-2020,GAIL,74,82,72.75,78.7,78
24-03-2020,GAIL,81,82.5,75.15,77.7,76.45
25-03-2020,GAIL,77.9,79.2,74.15,74.85,75.55
26-03-2020,GAIL,75.5,76.1,72.2,73.05,73.1
27-03-2020,GAIL,73.15,75.15,69.1,69.75,69.5
30-03-2020,GAIL,69.4,72.5,67.55,70.8,70.85
31-03-2020,GAIL,72.5,77.8,71.7,76.6,76.55
01-04-2020,GAIL,76.6,78.75,74.5,75.7,75.75
03-04-2020,GAIL,77,82,75.15,80.75,80.9
07-04-2020,GAIL,84,86.45,82.55,84.7,84.5
08-04-2020,GAIL,84.95,94.95,83.8,85.9,85.55
09-04-2020,GAIL,88,90.3,86.9,87.9,87.75
13-04-2020,GAIL,88.7,89.4,83.8,86.2,86.05
15-04-2020,GAIL,90,90,86.1,86.85,86.6
16-04-2020,GAIL,85.95,90,84.45,89.25,89.25
17-04-2020,GAIL,91.95,91.95,88.1,89.3,89.7
20-04-2020,GAIL,91,91,86.8,87.35,87.4
21-04-2020,GAIL,86,86.9,78.7,82.2,82.5
22-04-2020,GAIL,82.6,85.1,80.3,83.8,84.2
23-04-2020,GAIL,84.95,88.7,82.75,83.5,83.25
24-04-2020,GAIL,82.95,84.25,79,82.55,81.5
27-04-2020,GAIL,82.6,84.35,81.25,81.75,81.7
28-04-2020,GAIL,82.6,85.15,81.8,84.85,84.55
29-04-2020,GAIL,85,89.8,84.4,89,89.1
30-04-2020,GAIL,91.5,96.55,91.3,94.85,95.7
04-05-2020,GAIL,92.2,95.25,89.6,93.6,93.5
05-05-2020,GAIL,94.5,95.8,90.7,91.65,91.1
06-05-2020,GAIL,92,95,89.7,94.7,94.7
07-05-2020,GAIL,95.3,96.25,91.05,91.3,91.5
08-05-2020,GAIL,94.75,94.75,90.9,91,91.35
11-05-2020,GAIL,92,94.6,91.4,91.7,92.05
12-05-2020,GAIL,91.95,94.1,88.25,88.65,88.7
13-05-2020,GAIL,92,92,87.25,89.3,89.35
14-05-2020,GAIL,89.25,89.25,85.1,85.5,85.45
15-05-2020,GAIL,86.1,86.8,84.75,85.8,85.8
18-05-2020,GAIL,86.1,86.75,80.5,81,81
19-05-2020,GAIL,82.5,83.35,80.65,81.7,81.85
20-05-2020,GAIL,81.85,86.95,81.3,86.4,86.25
21-05-2020,GAIL,86.4,88.2,85.5,88.05,87.95
22-05-2020,GAIL,87.25,87.7,85,87.2,87.2
26-05-2020,GAIL,87.2,88.6,86.15,88.2,88.15
27-05-2020,GAIL,88.05,89,86.55,88.5,88.6
28-05-2020,GAIL,88.6,91.3,87.85,88.75,89.1
29-05-2020,GAIL,88.75,93.75,88.1,91.4,92.35
01-06-2020,GAIL,93.95,95,91.65,92.15,91.95
02-06-2020,GAIL,92.95,97.1,90.9,96.85,96.55
03-06-2020,GAIL,98.4,99.35,96,96.65,96.35
04-06-2020,GAIL,97,98.8,96.05,97.1,97.25
05-06-2020,GAIL,98,98.45,96.5,98.1,97.85
08-06-2020,GAIL,99.45,106.3,99,105.2,104.75
09-06-2020,GAIL,105.2,105.5,100.3,100.9,101.1
10-06-2020,GAIL,101.1,101.3,96.3,98.15,98.1
11-06-2020,GAIL,98.15,104.2,94.7,96,95.55
12-06-2020,GAIL,91.5,97,91.25,96.3,96.35
15-06-2020,GAIL,96.3,101.55,94.5,99.9,99.65
16-06-2020,GAIL,101,101.9,95.4,97.7,97.5
17-06-2020,GAIL,97.5,97.65,95.6,96.2,96.25
18-06-2020,GAIL,96.5,98.95,95.8,97.05,97.05
19-06-2020,GAIL,97.95,100.25,97.5,99.25,99.5
22-06-2020,GAIL,99.9,100.65,98,98.35,98.3
23-06-2020,GAIL,99.85,100.25,97.8,99.25,99.25
24-06-2020,GAIL,100,104.35,98.5,102.15,101.4
25-06-2020,GAIL,103,107,102.5,103.1,103.1
26-06-2020,GAIL,104.95,105.5,102.75,105.3,105.15
29-06-2020,GAIL,105.05,105.85,102.75,103.65,103.6
30-06-2020,GAIL,103.6,104.45,101.35,101.65,102.15
01-07-2020,GAIL,102.15,103.35,100.25,103,102.95
02-07-2020,GAIL,104.25,106,103.15,103.65,103.5
03-07-2020,GAIL,104.5,105.8,103,104.8,104.9
06-07-2020,GAIL,103.9,104.9,103.1,103.85,103.7
07-07-2020,GAIL,103.95,104.9,101.75,102.3,102.85
08-07-2020,GAIL,103,104.2,101.7,102.45,102.7
09-07-2020,GAIL,104.45,107.5,103.05,105.55,105.55
10-07-2020,GAIL,104.95,105.4,102.1,102.45,102.4
13-07-2020,GAIL,103.95,103.95,100.3,101.15,101.1
14-07-2020,GAIL,101.15,102.2,98.3,99.1,99.05
15-07-2020,GAIL,99.5,99.9,96.65,97,96.95
16-07-2020,GAIL,97.5,97.95,94.45,96.35,96.75
17-07-2020,GAIL,97,101.85,97,100.7,100.85
20-07-2020,GAIL,101.7,101.7,99.8,100.4,100.2
21-07-2020,GAIL,100.65,104.45,99.85,103.95,103.8
22-07-2020,GAIL,104.3,105,100.85,102,101.95
23-07-2020,GAIL,102,105,101.65,102.4,102.3
24-07-2020,GAIL,101.8,102.5,98.8,99.6,99.55
27-07-2020,GAIL,100.2,100.75,97.25,97.5,97.5
28-07-2020,GAIL,98.1,98.5,96.5,97.7,97.6
29-07-2020,GAIL,97.9,99.95,97.15,99,98.8
30-07-2020,GAIL,99,99.75,96.25,96.7,96.6
31-07-2020,GAIL,96.7,98.2,96.25,96.8,96.65
03-08-2020,GAIL,96.9,96.9,93.5,93.95,94.1
04-08-2020,GAIL,94.1,94.7,92.85,93.25,93.15
05-08-2020,GAIL,94.05,95,93.1,93.5,93.3
06-08-2020,GAIL,94.2,96.45,93.5,95.75,95.65
07-08-2020,GAIL,96.25,97.4,95.65,96.9,96.9
10-08-2020,GAIL,97.25,97.9,96.3,97.1,97.05
11-08-2020,GAIL,97.3,98.8,97,97.4,97.3
12-08-2020,GAIL,97.2,98.4,96,98.25,98.05
13-08-2020,GAIL,98.8,99.6,96.5,97.3,97.4
14-08-2020,GAIL,99.15,99.2,95.65,96.1,95.95
17-08-2020,GAIL,96.15,98,95.6,97.7,97.65
18-08-2020,GAIL,97.9,98,96.7,97.1,96.95
19-08-2020,GAIL,97.3,101.9,97.1,101.8,101.45
20-08-2020,GAIL,101,103.15,100.3,101.5,101.5
21-08-2020,GAIL,102,103.15,101.05,101.55,101.75
24-08-2020,GAIL,102,103.2,101.15,101.8,101.6
25-08-2020,GAIL,102.6,103.15,99.3,99.85,99.7
26-08-2020,GAIL,100.15,100.85,99.25,99.95,99.85
27-08-2020,GAIL,100.6,100.6,99,99.4,99.2
28-08-2020,GAIL,99.4,100.5,98.8,99.15,99.1
31-08-2020,GAIL,99.9,101.5,95.1,95.4,95.65
01-09-2020,GAIL,96.7,97.2,94,96.85,96.4
02-09-2020,GAIL,96.35,97.8,95.45,97.75,97.3
03-09-2020,GAIL,96.6,98.45,96.55,98.05,98.1
04-09-2020,GAIL,96.95,99.1,96.15,98,98.05
07-09-2020,GAIL,98,98.85,94.85,95.85,95.75
08-09-2020,GAIL,96.5,96.5,94,94.3,94.55
09-09-2020,GAIL,94.6,94.8,90.05,91.35,91.05
10-09-2020,GAIL,91.85,92.4,89.8,90.8,90.8
11-09-2020,GAIL,90.8,91.65,90.1,90.75,90.75
14-09-2020,GAIL,91.9,93.65,90.8,91.8,91.95
15-09-2020,GAIL,92,92.75,91.1,92.15,92.1
16-09-2020,GAIL,92.75,92.75,91.35,91.6,91.85
17-09-2020,GAIL,91.85,91.85,90.5,90.8,90.75
18-09-2020,GAIL,91,93.45,90.8,91.9,92.1
21-09-2020,GAIL,92.2,92.2,87.4,87.95,88.2
22-09-2020,GAIL,88.1,88.5,82.85,84.2,84.15
23-09-2020,GAIL,85.2,86.35,82.75,85.6,85.7
24-09-2020,GAIL,84.25,85.45,81.95,82.75,83
25-09-2020,GAIL,83.7,85.6,83.1,85.4,85.2
28-09-2020,GAIL,86.55,89.1,85.55,88.15,88.2
29-09-2020,GAIL,88.8,88.8,87,87.5,87.5
30-09-2020,GAIL,87.5,88.15,85.5,86.25,86.8
01-10-2020,GAIL,86.8,88.75,86.45,88.55,88.4
05-10-2020,GAIL,88.5,89.8,86.35,86.85,87
06-10-2020,GAIL,88,88.2,86.7,87.9,87.75
07-10-2020,GAIL,87,87.85,86.45,86.5,86.7
08-10-2020,GAIL,86.75,87.15,83.85,84,84.15
09-10-2020,GAIL,84.5,86.35,83.3,86.1,85.7
12-10-2020,GAIL,86.4,86.5,83.25,83.45,83.85
13-10-2020,GAIL,83.6,84,82.1,83.15,83.15
14-10-2020,GAIL,82.35,82.95,81.2,82.7,82.65
15-10-2020,GAIL,82.4,83.95,82,82.4,82.3
16-10-2020,GAIL,82.55,84.2,82.4,84.15,84
19-10-2020,GAIL,84.2,87.9,84,87.5,87.45
20-10-2020,GAIL,85.8,87.4,85,85.45,85.7
21-10-2020,GAIL,85.8,88.25,85.75,87.85,87.65
22-10-2020,GAIL,86.15,89.1,86.15,88.55,88.65
23-10-2020,GAIL,89.35,89.35,87,87.45,87.3
26-10-2020,GAIL,87.65,87.8,85,85.65,85.5
27-10-2020,GAIL,85.45,85.6,83.6,84.3,84.2
28-10-2020,GAIL,84.95,84.95,82.8,83,83.1
29-10-2020,GAIL,82.5,84.15,82.15,83.7,83.45
30-10-2020,GAIL,84,85.1,82.7,84.85,84.75
02-11-2020,GAIL,85.1,85.3,83.5,83.85,83.95
03-11-2020,GAIL,84.6,85.6,83.65,83.95,83.95
04-11-2020,GAIL,84.5,84.65,83.05,83.3,83.35
05-11-2020,GAIL,84.4,87.95,83.75,87.55,87.45
06-11-2020,GAIL,87.5,87.7,85.5,85.8,85.8
09-11-2020,GAIL,86.2,86.75,85.65,86.6,86.5
10-11-2020,GAIL,87,90.85,86.8,90.8,90.2
11-11-2020,GAIL,91.2,94.4,90.5,93.1,92.95
12-11-2020,GAIL,93.75,94,92.6,93,93.05
13-11-2020,GAIL,92.95,93.3,91.5,92.75,92.8
14-11-2020,GAIL,94,94,92.7,93.65,93.5
17-11-2020,GAIL,94.3,95.3,93.05,93.5,93.55
18-11-2020,GAIL,93.7,94.65,92.8,93.8,93.95
19-11-2020,GAIL,93,96.85,93,93.45,93.65
20-11-2020,GAIL,93.9,97.95,93,97.6,97.45
23-11-2020,GAIL,99,101.5,97.6,100.9,100.9
24-11-2020,GAIL,101.8,102.5,99.25,100.1,100.3
25-11-2020,GAIL,101.35,103.7,100.5,101.95,102.3
26-11-2020,GAIL,102.3,103.45,101.6,102.95,102.75
27-11-2020,GAIL,103.5,106.7,101.5,102.75,102.65
01-12-2020,GAIL,103.65,112,103.1,110.8,110.7
02-12-2020,GAIL,111,120.5,110.15,116.1,116.7
03-12-2020,GAIL,117.25,121.9,116.15,118.55,118.25
04-12-2020,GAIL,119.7,122,118.5,119.85,119.8
07-12-2020,GAIL,120.75,124.4,120.6,122.85,122.4
08-12-2020,GAIL,124.05,125,120.65,121.75,121.75
09-12-2020,GAIL,123,124.1,121.75,122.7,122.5
10-12-2020,GAIL,122.75,123.45,119.35,120,120.05
11-12-2020,GAIL,120.1,128.8,120.05,126.1,125.85
14-12-2020,GAIL,127,128.2,125.1,126,125.45
15-12-2020,GAIL,126.45,126.45,124.25,125.35,125.25
16-12-2020,GAIL,126.5,126.85,123.85,124.4,124.4
17-12-2020,GAIL,125.25,125.7,123.5,124,123.9
18-12-2020,GAIL,124.5,125.5,121.2,125.2,125.05
21-12-2020,GAIL,125,125,112.55,114.5,114.7
22-12-2020,GAIL,114.5,120.6,112.65,118.35,118.5
23-12-2020,GAIL,119,119.5,116.65,118.45,118.25
24-12-2020,GAIL,119,123,119,120.35,120.15
28-12-2020,GAIL,121.15,123.15,120.55,122.75,122.65
29-12-2020,GAIL,123.45,124.6,121.9,123.9,123.75
30-12-2020,GAIL,123.9,124.2,121.6,122.9,123.1
31-12-2020,GAIL,121.2,123.9,121.2,123.35,123.25
